iter	MultiClass
0	1.031656399
1	0.962079753
2	0.8969562082
3	0.8430584246
4	0.7906905559
5	0.7435113373
6	0.7101957316
7	0.6715935764
8	0.6330705019
9	0.5976584791
